and,485
the,431
to,405
my,368
of,366
i,339
in,318
that,318
thy,273
thou,229
with,181
for,168
is,167
not,165
me,164
love,162
a,161
but,160
thee,157
so,145
be,140
as,119
all,115
you,112
which,107
when,106
his,103
it,103
this,103
your,92
by,92
doth,88
do,84
from,79
or,78
no,78
on,78
have,75
then,73
what,70
are,69
if,65
mine,63
will,63
more,63
their,62
shall,59
eyes,56
time,52
beauty,52
they,52
art,51
sweet,51
heart,50
nor,50
yet,49
than,48
o,48
now,46
her,45
thine,44
should,44
can,44
make,43
he,43
fair,43
hath,43
one,42
where,41
how,40
still,39
true,37
him,37
eye,37
am,35
self,35
see,34
like,34
those,33
loves,33
though,32
being,32
she,31
some,31
such,30
own,30
every,30
was,29
upon,29
were,29
say,28
dost,28
live,28
most,27
may,27
praise,27
who,27
give,26
at,26
let,26
world,26
might,26
ill,25
day,25
why,25
even,24
since,24
times,24
did,24
life,23
best,23
truth,23
show,23
old,22
these,22
new,22
well,22
look,22
night,22
thus,21
would,21
must,20
dear,20
myself,20
part,20
made,19
whose,19
alone,19
better,19
face,19
nothing,19
false,18
days,18
away,18
beautys,18
there,18
thought,18
worth,18
against,18
our,18
name,17
thoughts,17
too,17
an,17
them,17
much,17
know,17
sight,17
therefore,17
others,16
out,16
both,16
other,16
mind,16
hand,16
hate,16
dead,16
muse,16
find,16
far,16
verse,15
tell,15
think,15
never,15
good,15
age,15
before,15
youth,15
come,15
poor,15
men,15
each,15
we,15
wilt,14
till,14
friend,14
up,14
state,14
things,14
gentle,14
hast,14
use,13
death,13
many,13
lie,13
take,13
whilst,13
heaven,13
black,13
full,13
looks,13
woe,12
prove,12
hours,12
bear,12
hold,12
tis,12
lies,12
first,12
had,12
seem,12
mayst,12
whom,12
change,12
die,12
summers,12
none,12
making,12
proud,12
earth,12
kind,11
form,11
bright,11
shalt,11
ever,11
knows,11
thing,11
within,11
hearts,11
tongue,11
sun,11
seen,11
long,11
happy,11
desire,11
grace,11
pen,10
once,10
place,10
spirit,10
write,10
rich,10
leave,10
again,10
soul,10
pleasure,10
words,10
call,10
great,10
cannot,10
deeds,10
end,10
after,10
right,10
any,10
fire,10
lose,9
could,9
found,9
save,9
although,9
loving,9
gone,9
pride,9
strong,9
past,9
two,9
beauteous,9
lives,9
shame,9
stay,9
store,9
glass,9
nature,9
decay,9
grow,8
deep,8
without,8
makes,8
summer,8
child,8
thence,8
hell,8
joy,8
power,8
treasure,8
leaves,8
glory,8
keep,8
memory,8
lines,8
another,8
speak,8
bring,8
blood,8
brow,8
view,8
pity,8
sake,8
loss,8
delight,8
cruel,8
back,8
mistress,8
lest,8
gives,8
sin,8
faults,8
parts,7
virtue,7
put,7
honour,7
breast,7
lovely,7
very,7
bad,7
yourself,7
blessed,7
worst,7
living,7
ten,7
canst,7
waste,7
behold,7
fear,7
foul,7
thyself,7
tender,7
disgrace,7
three,7
outward,7
fresh,7
sad,7
forth,7
cold,7
shadow,7
straight,7
less,7
skill,7
itself,7
set,7
stand,7
lips,7
born,7
excuse,7
ah,7
swear,7
flowers,7
sing,7
hear,6
way,6
fears,6
shows,6
return,6
roses,6
writ,6
strange,6
enough,6
fortune,6
due,6
argument,6
ere,6
blind,6
despite,6
side,6
war,6
heavens,6
only,6
heavy,6
wide,6
lovst,6
head,6
precious,6
shouldst,6
sweets,6
eternal,6
dumb,6
same,6
wealth,6
oer,6
through,6
dwell,6
reason,6
themselves,6
unless,6
hence,6
spent,6
having,6
wit,6
care,6
slave,6
been,6
natures,6
while,6
wrong,6
light,6
under,6
longer,6
music,6
gainst,6
hope,6
taught,6
deaths,6
go,6
painting,6
rest,6
sick,6
book,6
sometime,6
compare,6
rose,6
dull,6
gave,5
winter,5
scope,5
spring,5
mad,5
trust,5
oft,5
spend,5
shape,5
read,5
saw,5
play,5
pain,5
strength,5
else,5
date,5
sweetest,5
hue,5
seeing,5
left,5
brand,5
least,5
stars,5
need,5
brain,5
gracious,5
took,5
mortal,5
rage,5
needs,5
mens,5
says,5
steal,5
golden,5
swift,5
antique,5
water,5
angel,5
friends,5
lend,5
grief,5
man,5
faith,5
ornament,5
large,5
worlds,5
birth,5
whether,5
wherein,5
sorrow,5
green,5
fairest,5
subject,5
wrinkles,5
boast,5
tomb,5
quite,5
graces,5
yours,5
winters,5
painted,5
base,5
doom,5
worthy,5
calls,5
motion,5
worse,5
done,5
year,5
merit,5
spite,5
near,5
fell,5
truly,5
invention,5
cure,5
white,5
grew,5
absence,5
holds,5
buried,5
rank,5
gift,5
hide,5
barren,5
breath,5
into,5
moan,5
tears,5
fast,5
flower,5
present,5
wish,5
evil,4
tonguetied,4
praises,4
bare,4
knowing,4
song,4
canker,4
image,4
purpose,4
lease,4
story,4
told,4
dare,4
add,4
lends,4
weeds,4
leisure,4
toil,4
lays,4
young,4
shade,4
count,4
shadows,4
respect,4
taste,4
given,4
numbers,4
air,4
behind,4
knowst,4
holy,4
oaths,4
wound,4
touches,4
rehearse,4
weary,4
seek,4
former,4
turns,4
free,4
wherefore,4
lost,4
beauties,4
sinful,4
methinks,4
steel,4
rare,4
keeps,4
single,4
cheeks,4
speaking,4
public,4
lack,4
bodys,4
catch,4
win,4
second,4
blame,4
seeming,4
heat,4
tongues,4
short,4
chide,4
appetite,4
rhyme,4
just,4
brass,4
break,4
above,4
report,4
babe,4
want,4
help,4
down,4
sleep,4
gain,4
knife,4
minds,4
believe,4
mark,4
laid,4
groan,4
said,4
smell,4
farther,4
worms,4
high,4
sea,4
sum,4
unused,4
please,4
body,4
judgment,4
comfort,4
lovd,4
clouds,4
shine,4
here,4
rude,4
abundance,4
jewel,4
prime,4
scythe,4
poets,4
forsworn,4
appear,4
grows,4
sense,4
crime,4
bath,4
substance,4
errors,4
works,4
slow,4
increase,4
common,4
kill,4
frame,4
inward,4
cheek,4
forgot,4
account,4
grant,4
acquaintance,3
flies,3
today,3
sins,3
brave,3
contented,3
foot,3
defence,3
confounds,3
perjurd,3
tomorrow,3
work,3
constancy,3
evermore,3
posterity,3
weep,3
feeding,3
fault,3
simple,3
because,3
haste,3
main,3
injury,3
forbid,3
bastard,3
cross,3
maiden,3
hot,3
seasons,3
draw,3
soon,3
bosoms,3
silence,3
pay,3
shake,3
lawful,3
got,3
expense,3
blot,3
grown,3
basest,3
wouldst,3
sail,3
fight,3
teach,3
woman,3
drawn,3
picture,3
looking,3
manners,3
anew,3
sovereign,3
knowledge,3
amiss,3
style,3
triumph,3
outlive,3
thousand,3
thrice,3
decease,3
expressd,3
advantage,3
bonds,3
plague,3
losing,3
red,3
fortunes,3
ear,3
brought,3
control,3
fill,3
buds,3
gavst,3
belovd,3
proof,3
hang,3
flatter,3
souls,3
weed,3
neer,3
general,3
flattery,3
kiss,3
pretty,3
bloody,3
shore,3
provd,3
almost,3
princes,3
birds,3
star,3
lovers,3
gilded,3
torment,3
height,3
matter,3
edge,3
wonder,3
assurd,3
home,3
elsewhere,3
line,3
twain,3
absent,3
happier,3
stone,3
burn,3
sworn,3
desert,3
virtuous,3
womans,3
unkind,3
thief,3
dearest,3
action,3
lived,3
turn,3
heavenly,3
bearing,3
number,3
wert,3
half,3
rain,3
odour,3
distilld,3
reasons,3
tyrant,3
seemd,3
prize,3
husband,3
greet,3
course,3
takes,3
five,3
cover,3
answer,3
receives,3
removd,3
thinking,3
chest,3
mothers,3
eternity,3
fame,3
quick,3
fool,3
minutes,3
lo,3
mourn,3
son,3
approve,3
vile,3
ocean,3
whats,3
crownd,3
selflove,3
ground,3
ages,3
pluck,3
haply,3
infection,3
favour,3
fall,3
west,3
flame,3
duty,3
foes,3
windows,3
rememberd,3
stands,3
tend,3
taken,3
repair,3
means,3
mock,3
whereon,3
remain,3
conquest,3
plea,3
april,3
cause,3
conscience,3
record,3
pace,3
anothers,3
grave,3
blunt,3
wear,3
fairer,3
effect,3
pine,3
daily,3
fingers,3
moon,3
abuse,3
stain,3
alack,3
conceit,3
frown,3
filld,3
cunning,3
suspect,3
vulgar,3
ride,3
witness,3
mend,3
wood,3
confind,3
bears,3
dark,3
brief,3
nought,3
sure,3
pass,3
kept,3
womens,3
greater,3
among,3
speed,3
character,3
heir,3
constant,3
whereto,3
clear,3
growing,3
came,3
hour,3
potions,2
bail,2
affords,2
mother,2
truths,2
nightly,2
twixt,2
root,2
hideous,2
counterfeit,2
sorrows,2
gay,2
pursuit,2
shown,2
interest,2
bow,2
giving,2
oppressd,2
benefit,2
unkindness,2
hung,2
cost,2
confound,2
alterd,2
last,2
whateer,2
ease,2
ink,2
addition,2
gross,2
fond,2
alchemy,2
travels,2
feeds,2
bounteous,2
stage,2
invent,2
betray,2
shun,2
mute,2
robs,2
fierce,2
kings,2
sets,2
pattern,2
learn,2
follow,2
liberty,2
becomes,2
dream,2
perfumes,2
checked,2
coming,2
quest,2
nimble,2
wait,2
seat,2
garments,2
unrespected,2
stealing,2
ears,2
reserve,2
captain,2
clock,2
lively,2
borne,2
turnd,2
becoming,2
married,2
audit,2
fortify,2
bitter,2
sound,2
powerful,2
forbear,2
sit,2
deceive,2
despise,2
nights,2
thrive,2
either,2
offences,2
pure,2
wise,2
charter,2
sounds,2
divine,2
defect,2
devise,2
forfeit,2
curse,2
slain,2
assaild,2
disdain,2
nay,2
map,2
bred,2
hawks,2
pale,2
years,2
sensual,2
ignorance,2
growst,2
note,2
something,2
health,2
cry,2
creatures,2
bent,2
himself,2
deny,2
desired,2
pencil,2
compounds,2
survive,2
perpetual,2
fixd,2
chief,2
lead,2
poverty,2
corrupt,2
healthful,2
acquainted,2
salve,2
theirs,2
comment,2
sacred,2
wretch,2
doubting,2
deemd,2
content,2
fine,2
beloved,2
trespass,2
falsehood,2
morning,2
elements,2
seems,2
faces,2
aid,2
sourly,2
policy,2
despised,2
excellence,2
tired,2
wills,2
alive,2
calld,2
off,2
rime,2
winds,2
vainly,2
bending,2
whence,2
tyrants,2
monument,2
eat,2
sullen,2
womb,2
yield,2
comes,2
suns,2
adjunct,2
offenders,2
next,2
send,2
thinks,2
journey,2
hymns,2
belong,2
tells,2
cast,2
burthen,2
unseen,2
delights,2
wink,2
owners,2
travel,2
suffer,2
injuries,2
us,2
stop,2
urge,2
limbs,2
growth,2
complexion,2
drink,2
wondrous,2
dearer,2
walls,2
bareness,2
usd,2
worths,2
lame,2
plead,2
breathe,2
perfection,2
goodness,2
thorns,2
mightst,2
th,2
bark,2
word,2
depart,2
prey,2
belied,2
double,2
arts,2
obsequious,2
unlookd,2
praising,2
clearer,2
wastes,2
bore,2
kindness,2
aside,2
moving,2
churl,2
finds,2
pitch,2
pilgrimage,2
forsake,2
sooner,2
slight,2
possessing,2
wrought,2
flesh,2
maladies,2
beside,2
guilty,2
envy,2
remove,2
weak,2
perfect,2
leap,2
frailties,2
asleep,2
fading,2
ist,2
wasteful,2
bosom,2
humour,2
patience,2
dote,2
murderous,2
created,2
hungry,2
riches,2
fever,2
showers,2
discontent,2
torture,2
beast,2
sway,2
soil,2
commits,2
stores,2
changing,2
injurious,2
fulfil,2
little,2
sap,2
held,2
boy,2
painter,2
vouchsafe,2
lacked,2
pays,2
jewels,2
youthful,2
slander,2
esteemd,2
wits,2
sings,2
tables,2
check,2
enemies,2
lofty,2
influence,2
canopy,2
unknown,2
feast,2
counting,2
makst,2
aught,2
quill,2
tatterd,2
fiend,2
lusty,2
receivst,2
tird,2
abide,2
riper,2
offence,2
feel,2
heavily,2
thievish,2
leads,2
saucy,2
lust,2
guard,2
blamd,2
sightless,2
diseasd,2
small,2
vows,2
dateless,2
imprisond,2
whereof,2
triumphant,2
broke,2
sort,2
profand,2
antiquity,2
shaken,2
bold,2
allow,2
wretched,2
gilding,2
extreme,2
goddess,2
despair,2
lascivious,2
open,2
creation,2
sweetness,2
dreams,2
contracted,2
point,2
seest,2
prepare,2
hopes,2
cupid,2
seldom,2
mutual,2
careful,2
willing,2
watch,2
remembrance,2
colour,2
depends,2
neither,2
autumn,2
lay,2
objects,2
sweetly,2
shines,2
express,2
eclipses,2
horse,2
mountain,2
wrongs,2
possession,2
glance,2
supposed,2
therein,2
vassal,2
strive,2
title,2
wind,2
alters,2
yellow,2
converted,2
majesty,2
guess,2
alas,2
presence,2
learning,2
wires,2
father,2
remember,2
wail,2
guest,2
bide,2
poet,2
shames,2
sport,2
possessd,2
hadst,2
gold,2
temptation,2
griefs,2
built,2
wanting,2
vow,2
speechless,2
spirits,2
farthest,2
comments,2
humble,2
serving,2
deceased,2
pleasing,2
ye,2
survey,2
inconstant,2
forget,2
stronger,2
ay,2
remedy,2
strangely,2
rotten,2
crooked,2
jacks,2
lords,2
silent,2
force,2
mansion,2
pent,2
bound,2
resembling,2
idle,2
unfatherd,2
stoln,2
welcome,2
mans,2
eithers,2
ruind,2
niggard,2
hid,2
added,2
worthless,2
maskd,2
cloud,2
measure,2
scorn,2
bars,2
keen,2
esteem,2
neglect,2
reign,2
gaze,2
strongly,2
issue,2
fashion,2
question,2
replete,2
huge,2
didst,2
husbandry,2
brings,2
miles,2
fade,2
widow,2
master,2
tie,2
proves,2
fled,2
belongs,2
grounded,2
king,2
thereby,2
finding,2
breed,2
doing,2
outworn,2
level,2
towards,2
untrue,2
crow,2
eyelids,2
deserts,2
chase,2
rise,2
mourning,2
walks,2
mourners,2
morn,2
palate,2
bitterness,2
cries,2
often,2
copy,2
feeling,2
spur,2
abhor,2
concord,2
died,2
judgement,2
sour,2
affairs,2
dust,2
anon,2
accuse,2
whr,2
subjects,2
physic,2
usurer,2
god,2
peace,2
meet,2
glad,2
hands,2
ransom,2
bud,2
bounty,2
attending,2
newer,2
besiege,2
renewest,1
move,1
incapable,1
afford,1
painters,1
thrivers,1
quality,1
carry,1
stelld,1
threescore,1
falsespeaking,1
fits,1
leaving,1
cures,1
rising,1
frequent,1
necessary,1
gatherd,1
tempteth,1
import,1
assemble,1
bootless,1
leese,1
list,1
excel,1
playd,1
recurd,1
characterd,1
fester,1
carvd,1
labouring,1
dreading,1
defacd,1
aprils,1
shoot,1
yellowd,1
pictures,1
graciously,1
dye,1
wrongfully,1
choppd,1
bar,1
whos,1
cloak,1
altering,1
refigurd,1
seal,1
jealousy,1
variation,1
supposing,1
decays,1
greatest,1
orphans,1
prison,1
sees,1
enlargd,1
suborned,1
bay,1
presagers,1
bestowst,1
quiet,1
easy,1
bliss,1
madmens,1
meadows,1
harvest,1
sue,1
needing,1
wing,1
wretchcd,1
endless,1
runs,1
crystal,1
impression,1
anticipate,1
disease,1
dyers,1
tombs,1
violet,1
gems,1
trial,1
traffic,1
unlearned,1
hindmost,1
resurvey,1
adieu,1
prophetic,1
breach,1
fairly,1
foist,1
solemn,1
habitation,1
confessd,1
worthwide,1
ransoms,1
bristly,1
delves,1
perspective,1
contains,1
touch,1
warmd,1
define,1
feed,1
lameness,1
deserves,1
declines,1
salutation,1
impiety,1
thereof,1
directly,1
tripping,1
instant,1
forwards,1
cut,1
sharp,1
increasing,1
require,1
featurd,1
strengths,1
simplicity,1
monsters,1
treason,1
nourishd,1
adverse,1
oblation,1
quickly,1
vassalage,1
outstrippd,1
selling,1
arise,1
misuse,1
enforced,1
imaginary,1
afar,1
coward,1
victors,1
weight,1
cools,1
wilfulslow,1
deliverd,1
anything,1
ruin,1
fuel,1
guilt,1
richer,1
figures,1
renewd,1
toild,1
governs,1
stormy,1
several,1
pleased,1
hymn,1
blush,1
proudest,1
sang,1
defendant,1
frost,1
defy,1
enrich,1
actor,1
unthrifts,1
couplement,1
stealth,1
behaviour,1
rudst,1
join,1
saint,1
wrackd,1
sullied,1
releasing,1
blushing,1
shortnumberd,1
fulness,1
orient,1
race,1
splendour,1
lourst,1
selfloving,1
swears,1
allege,1
lover,1
masonry,1
sparkling,1
hates,1
mouthed,1
thrust,1
bewailed,1
fiery,1
fadeth,1
lights,1
makeless,1
case,1
patient,1
foe,1
doting,1
endurd,1
befriends,1
saturn,1
dart,1
decrees,1
rainy,1
preventst,1
losses,1
mistake,1
savage,1
heartinflaming,1
transport,1
tigers,1
lying,1
determination,1
spends,1
admitted,1
saying,1
freedom,1
rigour,1
theyhast,1
votary,1
raiment,1
march,1
returnd,1
services,1
accident,1
voices,1
inherit,1
fragrant,1
untrimmd,1
steals,1
newfired,1
dearths,1
ceremony,1
spoils,1
undivided,1
prevaild,1
dial,1
won,1
cease,1
brains,1
applying,1
process,1
eloquence,1
hammerd,1
featureless,1
tires,1
debt,1
prisoner,1
razed,1
broken,1
famine,1
vermilion,1
persuade,1
feeble,1
gazed,1
alien,1
thrusts,1
oerlook,1
enmity,1
score,1
tombed,1
thunder,1
nativity,1
ruinate,1
weigh,1
prognosticate,1
travail,1
borrowed,1
grey,1
honest,1
blots,1
feelst,1
dregs,1
prayers,1
highmost,1
compile,1
lip,1
accents,1
girded,1
lacking,1
blessedfair,1
lodgd,1
jaws,1
selfdoing,1
teeth,1
continual,1
shady,1
eyd,1
sauces,1
imperfect,1
points,1
pleasant,1
appears,1
greeing,1
wilfully,1
perish,1
recite,1
mortality,1
oerworn,1
waking,1
bedvow,1
welltuned,1
succeeding,1
whoeer,1
gainer,1
dignity,1
roof,1
hearing,1
lovekindling,1
dreaming,1
disperse,1
compeers,1
rebukd,1
covetous,1
decrease,1
learneds,1
soundless,1
user,1
praised,1
despisd,1
liker,1
tempting,1
lookd,1
neck,1
breathed,1
engraft,1
leases,1
borrowd,1
suppose,1
extern,1
colourd,1
fleeting,1
decree,1
lovegod,1
hounds,1
illwresting,1
abysm,1
early,1
aye,1
thralled,1
scornd,1
marigold,1
spendst,1
forgoing,1
weeks,1
verdict,1
removed,1
minded,1
directed,1
boat,1
vilest,1
commence,1
salving,1
hes,1
equal,1
divining,1
neercloying,1
befits,1
prescriptions,1
costly,1
admire,1
invited,1
wellrefined,1
burden,1
oblivion,1
legacy,1
dians,1
images,1
dials,1
progress,1
unstained,1
records,1
remote,1
render,1
jollity,1
spheres,1
strengthend,1
unjust,1
rondure,1
earthly,1
patent,1
sunken,1
arising,1
curd,1
hairs,1
willingly,1
blesses,1
expressing,1
feasts,1
shook,1
penance,1
land,1
authority,1
ills,1
sheaves,1
pitied,1
afresh,1
imprint,1
chargd,1
perforce,1
conspire,1
afterwards,1
battering,1
walk,1
stretched,1
seemly,1
overpartial,1
executor,1
gazers,1
eager,1
expire,1
worthier,1
stays,1
singleness,1
perceive,1
whit,1
blessings,1
housewife,1
sufficd,1
feature,1
builded,1
uplocked,1
wrinkle,1
pitiful,1
theemyselfthat,1
dissuade,1
convertest,1
candles,1
moods,1
confess,1
consent,1
strife,1
pupil,1
answers,1
bind,1
loathsome,1
ifi,1
sleeping,1
slanderd,1
plods,1
unbless,1
brag,1
follows,1
bereft,1
manys,1
accidents,1
limbecks,1
draind,1
deserve,1
lifts,1
quicker,1
balmy,1
woos,1
falls,1
physicians,1
wards,1
vex,1
mixd,1
everfixed,1
wet,1
touchd,1
liquid,1
together,1
forty,1
blazon,1
mar,1
unswayd,1
siren,1
bed,1
alteration,1
straying,1
dearpurchasd,1
reckoning,1
composition,1
enjoyd,1
politic,1
favourites,1
enfeebled,1
act,1
incertainties,1
iniquity,1
famishd,1
advance,1
swerving,1
rough,1
stewards,1
bearst,1
fleece,1
stampd,1
whatsoever,1
idol,1
fild,1
themes,1
engrossd,1
veil,1
tribes,1
heats,1
bough,1
twire,1
folly,1
strangle,1
sourest,1
qualify,1
blindness,1
burning,1
perceivst,1
worldwithoutend,1
youve,1
errd,1
maid,1
coral,1
oersways,1
sometimes,1
unions,1
used,1
already,1
fed,1
unworthiness,1
presentabsent,1
wishing,1
reigns,1
begin,1
translated,1
latch,1
perhaps,1
children,1
tickled,1
decrepit,1
woes,1
merchandizd,1
maketh,1
odours,1
drinks,1
deservst,1
meetness,1
profit,1
breathes,1
chips,1
presentst,1
kingdoms,1
termd,1
acknowledge,1
pebbled,1
revenge,1
jump,1
measured,1
simply,1
vices,1
forgetful,1
needy,1
veins,1
robe,1
translate,1
distance,1
hits,1
society,1
teachest,1
millions,1
pry,1
thinly,1
task,1
exchangd,1
critic,1
betraying,1
slanderers,1
dispense,1
lambs,1
deceivd,1
blessd,1
deceivest,1
sinks,1
wardrobe,1
top,1
insults,1
merits,1
besides,1
threefold,1
astronomy,1
exchequer,1
twenty,1
crowning,1
sire,1
suffering,1
poison,1
chary,1
durst,1
kingdom,1
rent,1
difference,1
learnd,1
disposd,1
ragged,1
choose,1
torn,1
purposd,1
wasted,1
universe,1
annoy,1
hardest,1
pardon,1
uncertain,1
darkness,1
abusd,1
outright,1
forgive,1
term,1
spending,1
warrantise,1
sheds,1
table,1
wights,1
sharpst,1
penury,1
vanishd,1
gate,1
recounting,1
livesuch,1
unprovident,1
visage,1
reviewest,1
big,1
cherish,1
muses,1
crossd,1
hiding,1
devisd,1
loan,1
sufferance,1
bones,1
predict,1
famoused,1
doubt,1
staind,1
graven,1
nobler,1
scanted,1
inviting,1
dully,1
asked,1
sought,1
decembers,1
crowned,1
taker,1
always,1
determined,1
cheer,1
clears,1
angry,1
firm,1
impair,1
sold,1
sadly,1
afterloss,1
admit,1
sigh,1
rather,1
awakes,1
forbidden,1
noon,1
sable,1
strumpeted,1
consumd,1
entitled,1
impart,1
springs,1
chronicle,1
maintain,1
heretic,1
devouring,1
follydoctorlikecontrolling,1
food,1
heinous,1
deserving,1
fawn,1
counterpart,1
about,1
astonished,1
striving,1
bestow,1
four,1
hap,1
prickd,1
east,1
reproving,1
unto,1
restord,1
glazed,1
nerves,1
hues,1
proceeds,1
selfkilld,1
foregone,1
brood,1
censures,1
fresher,1
frowns,1
purge,1
boldness,1
fort,1
creep,1
sits,1
depend,1
alleating,1
methods,1
granting,1
newfound,1
vice,1
ward,1
queen,1
statute,1
crawls,1
car,1
entombed,1
lace,1
glutton,1
felt,1
stamp,1
resty,1
mud,1
separable,1
divided,1
steep,1
key,1
travelld,1
spot,1
siege,1
wiry,1
rangd,1
showing,1
naming,1
reignd,1
wild,1
neverresting,1
transfix,1
civil,1
partly,1
praisd,1
rid,1
alter,1
usury,1
beggard,1
stickst,1
wars,1
outcast,1
unhappily,1
wane,1
betterd,1
featherd,1
beguile,1
foison,1
miracle,1
pitying,1
lasting,1
weret,1
accumulate,1
alike,1
largess,1
interchange,1
lilies,1
lifes,1
broad,1
laws,1
subsist,1
attend,1
hallowd,1
hidden,1
maturity,1
overplus,1
noted,1
climbd,1
paper,1
sole,1
nurseth,1
dies,1
strains,1
robbd,1
strained,1
steepup,1
begins,1
scandal,1
gusts,1
succession,1
ordering,1
barrenly,1
rolling,1
distills,1
twilight,1
reeleth,1
slumbers,1
pourst,1
blow,1
particulars,1
puttst,1
aggravate,1
watching,1
varying,1
beyond,1
bower,1
gulls,1
conceald,1
chance,1
inhabit,1
freezings,1
gildst,1
random,1
halt,1
woo,1
jealous,1
err,1
apple,1
object,1
hems,1
prevent,1
bids,1
glorious,1
throned,1
appeal,1
sendst,1
hunted,1
few,1
closet,1
vantage,1
until,1
statues,1
tenth,1
presage,1
share,1
burthens,1
disarmd,1
hasten,1
whole,1
limping,1
askance,1
modern,1
suffers,1
philomel,1
kindhearted,1
wounded,1
savour,1
waves,1
composed,1
deathdear,1
mow,1
breathers,1
separation,1
appearance,1
lesson,1
subdud,1
wellcontented,1
streams,1
pitywanting,1
toward,1
pursuing,1
stout,1
field,1
written,1
weakness,1
service,1
nearly,1
bettring,1
closure,1
reckon,1
remover,1
courses,1
husbands,1
enjoyer,1
messengers,1
exceed,1
doublevantage,1
stopped,1
pearl,1
silver,1
anger,1
wilfulness,1
raven,1
thats,1
amends,1
advocate,1
clay,1
semblance,1
distemperd,1
wake,1
pomp,1
respects,1
downrazd,1
moiety,1
kinds,1
embassage,1
describe,1
drugs,1
lord,1
wife,1
extant,1
derive,1
alloblivious,1
enjoy,1
tyranny,1
utmost,1
seeking,1
clean,1
tillage,1
untainted,1
forgetfulness,1
sunk,1
viewest,1
broils,1
hated,1
dressing,1
savd,1
surmise,1
banks,1
beard,1
vexd,1
proudpied,1
unmoved,1
centre,1
marriage,1
yea,1
boundless,1
adore,1
fore,1
ranks,1
herald,1
wooing,1
woeful,1
darling,1
dialhand,1
mercy,1
riot,1
curious,1
beck,1
enclose,1
songs,1
watery,1
going,1
receipt,1
strikes,1
wretchs,1
commit,1
oergreen,1
heals,1
instinct,1
flown,1
repent,1
trimmd,1
wantonly,1
gently,1
bell,1
fruit,1
offend,1
hoisted,1
goes,1
gates,1
creature,1
easd,1
dressings,1
anchord,1
tract,1
placed,1
surly,1
flow,1
warrior,1
illusd,1
erst,1
mournful,1
carcanet,1
unswept,1
uttering,1
fee,1
confounded,1
restore,1
breasts,1
smoke,1
oersnowed,1
refuse,1
darkly,1
wanderst,1
worser,1
engrafted,1
consider,1
banquet,1
graves,1
grind,1
fate,1
devour,1
needst,1
runnst,1
delivers,1
redeem,1
madness,1
oerpressd,1
equipage,1
dry,1
stones,1
polishd,1
justify,1
ghastly,1
rider,1
lengths,1
alltheworld,1
sequent,1
gazing,1
parallels,1
foild,1
swiftfooted,1
monarchs,1
twofold,1
tanned,1
disdains,1
limits,1
smiling,1
owe,1
painful,1
forebemoaned,1
gord,1
virgin,1
dross,1
dwellers,1
dimmd,1
knit,1
workings,1
wellseeing,1
gardens,1
publish,1
settled,1
memorial,1
imitated,1
forgetst,1
senses,1
untold,1
nine,1
prouder,1
laughd,1
livery,1
wont,1
sunset,1
spurring,1
misplacd,1
presenteth,1
tune,1
brightness,1
incertainty,1
immured,1
tear,1
treads,1
buriest,1
richproud,1
novel,1
unbred,1
eisel,1
compild,1
meditation,1
repose,1
ruth,1
devil,1
certain,1
pipe,1
deem,1
permit,1
finger,1
low,1
weakens,1
olives,1
divert,1
swallowd,1
likeness,1
clerk,1
thismy,1
suggest,1
trees,1
passed,1
luck,1
expiate,1
silvered,1
sword,1
deceived,1
poesy,1
metre,1
telling,1
tall,1
heres,1
faster,1
correction,1
excess,1
fleets,1
exceeds,1
firstborn,1
whoever,1
widows,1
guides,1
stormbeaten,1
determinate,1
disabled,1
motley,1
drop,1
onward,1
unset,1
spies,1
glowing,1
despising,1
assure,1
hugely,1
feathers,1
able,1
profane,1
oerchargd,1
betwixt,1
ensconce,1
stole,1
knew,1
physician,1
intents,1
mounted,1
rudely,1
register,1
string,1
accusing,1
scarlet,1
beated,1
apparel,1
beams,1
youngly,1
ladies,1
hearst,1
hush,1
bier,1
page,1
dun,1
attainted,1
purging,1
chaste,1
owst,1
sessions,1
paid,1
tonguesthe,1
assistance,1
thanks,1
marvel,1
happies,1
victor,1
endowd,1
choirs,1
junes,1
sicken,1
intend,1
remembered,1
ashes,1
proposd,1
gifts,1
fly,1
suppressed,1
front,1
tempests,1
lamb,1
commanded,1
prizing,1
heed,1
receiving,1
expired,1
bequest,1
moment,1
counted,1
overgoes,1
excusing,1
feasting,1
saith,1
lovesuit,1
lockd,1
wilful,1
paws,1
servants,1
privilege,1
try,1
nymphs,1
yore,1
intermixd,1
mouths,1
extremity,1
miscalld,1
bravery,1
amen,1
proving,1
darkening,1
linger,1
hooks,1
welfare,1
affections,1
vowing,1
livd,1
peep,1
woods,1
flourish,1
reproach,1
enjoys,1
allayd,1
piercd,1
bird,1
contrary,1
stern,1
tenants,1
admired,1
dove,1
vanishing,1
tyrannous,1
external,1
repay,1
perceivd,1
dedicated,1
wanton,1
presents,1
manner,1
masked,1
spacious,1
unwood,1
fearing,1
perfectst,1
divide,1
terms,1
furrows,1
goodly,1
situation,1
ghost,1
throw,1
pyramids,1
proudly,1
loved,1
grieve,1
rhetoric,1
confine,1
registers,1
defeated,1
groans,1
snow,1
sky,1
unthrift,1
onset,1
suretylike,1
picturd,1
boot,1
ending,1
countenance,1
acceptance,1
swartcomplexiond,1
buy,1
melancholy,1
lap,1
fearful,1
special,1
receivest,1
addeth,1
uphold,1
abundant,1
become,1
frailer,1
plain,1
shapes,1
sober,1
gluttoning,1
sweetst,1
religious,1
adonis,1
judgments,1
reap,1
uprear,1
indigest,1
late,1
immortal,1
embassy,1
respose,1
misprision,1
bond,1
debarred,1
achieve,1
horses,1
verses,1
diest,1
plants,1
discourse,1
review,1
hatred,1
badness,1
madding,1
cheater,1
grievances,1
disdaineth,1
shorn,1
bankrupt,1
privilage,1
elder,1
invocate,1
credit,1
provoke,1
thank,1
rearward,1
summon,1
backward,1
consecrate,1
inheritors,1
slanders,1
hied,1
owes,1
praisethat,1
figurd,1
temperate,1
vaunt,1
dulness,1
boughs,1
correspondence,1
get,1
partake,1
withal,1
refusest,1
dispraise,1
vanished,1
everywhere,1
morrow,1
meant,1
overturn,1
disgracd,1
departest,1
blunter,1
renew,1
arrest,1
preposterously,1
purest,1
league,1
proceed,1
beautiful,1
wailing,1
imitate,1
authorizing,1
medicine,1
deformedst,1
dying,1
indeed,1
sharpened,1
vacant,1
swearing,1
surmount,1
posting,1
sympathizd,1
costs,1
harder,1
profitless,1
rite,1
trouble,1
monuments,1
seals,1
subtleties,1
aloft,1
foolish,1
sickly,1
yourselfs,1
adulterate,1
dressd,1
forlorn,1
nurse,1
victories,1
wolf,1
rarities,1
ripe,1
believed,1
tame,1
blooms,1
fools,1
raisd,1
playst,1
preserve,1
busy,1
unlettered,1
unseeing,1
office,1
writes,1
robbery,1
sweetseasond,1
impediments,1
vowd,1
impregnable,1
voice,1
valleyfountain,1
prone,1
vision,1
receive,1
loud,1
truetelling,1
sufferd,1
childrens,1
rebel,1
specialblest,1
figure,1
denote,1
possesseth,1
subscribes,1
room,1
relief,1
confounding,1
trim,1
proclaims,1
burnd,1
sluttish,1
cheap,1
gladly,1
bid,1
longlivd,1
idly,1
female,1
celestial,1
warm,1
impute,1
gentlest,1
transgression,1
sportive,1
oertake,1
ornaments,1
steeld,1
awake,1
vexed,1
ruminate,1
commend,1
desperate,1
passd,1
tan,1
compound,1
dancing,1
uneard,1
windy,1
lions,1
cup,1
presume,1
unrest,1
ugly,1
knights,1
slandring,1
interim,1
wombs,1
flatterd,1
selfwilld,1
sickness,1
impeachd,1
surfeit,1
excellent,1
mars,1
importune,1
waiting,1
wrackful,1
heard,1
indirectly,1
trenches,1
frank,1
advisd,1
starved,1
grievd,1
wantonness,1
adoting,1
winged,1
thriftless,1
wished,1
gust,1
effectually,1
herein,1
faring,1
reeks,1
titles,1
bearer,1
adding,1
matcheth,1
committed,1
crown,1
evident,1
revolution,1
desiring,1
outbraves,1
dignified,1
prophecies,1
correct,1
defects,1
dearly,1
hateth,1
afloat,1
beggar,1
swayst,1
kingly,1
sepulchres,1
loveliness,1
faculty,1
debtor,1
feedst,1
wherever,1
miser,1
seas,1
inferior,1
drudge,1
except,1
epitaph,1
contend,1
powers,1
active,1
hers,1
abuses,1
trifle,1
compard,1
debateth,1
soulsgive,1
bait,1
slept,1
newappearing,1
exceeded,1
familiar,1
graced,1
essays,1
seald,1
purity,1
theres,1
middle,1
tallies,1
thither,1
accessary,1
honouring,1
badges,1
example,1
oerread,1
impannelled,1
fury,1
assured,1
timebettering,1
slay,1
towers,1
bases,1
farewell,1
signs,1
tenure,1
aspect,1
changes,1
keepst,1
invoked,1
deaf,1
known,1
adders,1
gravity,1
enlighten,1
entertain,1
drooping,1
passion,1
vade,1
richly,1
rightly,1
descriptions,1
breeds,1
teeming,1
space,1
affable,1
controlling,1
pleasures,1
murdrous,1
selfsubstantial,1
helens,1
leapd,1
corrupting,1
seconds,1
crushd,1
selfexample,1
cancelld,1
followed,1
staineth,1
faint,1
truest,1
idolatry,1
aright,1
decayd,1
drowns,1
usest,1
smother,1
missd,1
forsaken,1
unperfect,1
hides,1
shifting,1
mended,1
profound,1
flatterer,1
dig,1
insufficiency,1
discloses,1
cool,1
servant,1
damaskd,1
hurt,1
lilys,1
bevel,1
transferrd,1
wherethrough,1
homage,1
jade,1
retention,1
ambush,1
wary,1
thenchurlstheir,1
unfair,1
eclipse,1
delighted,1
sorry,1
crests,1
languishd,1
falsely,1
private,1
puts,1
spoil,1
inhearse,1
blenches,1
whereupon,1
forced,1
rights,1
mightier,1
blest,1
tied,1
destroys,1
beds,1
compass,1
rents,1
tincture,1
gazeth,1
fitted,1
suit,1
tresses,1
debate,1
looked,1
hearsay,1
error,1
wherewith,1
sell,1
rack,1
resort,1
scapd,1
outgoing,1
marble,1
vial,1
amazeth,1
limit,1
besmeard,1
thouall,1
filching,1
franticmad,1
slide,1
youths,1
watchman,1
blunting,1
unfolding,1
plagues,1
writers,1
deepest,1
wisdom,1
neighno,1
herd,1
shop,1
hundred,1
shallowest,1
forgotten,1
consumst,1
spites,1
beguild,1
shamed,1
infants,1
recompense,1
tenderd,1
drops,1
neglected,1
pray,1
worthiness,1
distillation,1
deface,1
worship,1
trifles,1
offices,1
weighs,1
intelligence,1
sums,1
dispatch,1
beseechers,1
couldst,1
crave,1
region,1
dress,1
resemble,1
plight,1
petty,1
stirrd,1
grecian,1
mortgagd,1
overthrow,1
fleshin,1
issueless,1
lets,1
sides,1
dignifies,1
dyd,1
carve,1
gains,1
thrall,1
chiding,1
milliond,1
lean,1
seeting,1
dulling,1
perfumed,1
phrase,1
mistaking,1
hill,1
kissing,1
wakend,1
quenched,1
conquerd,1
dearth,1
blessing,1
stops,1
print,1
reckond,1
sighs,1
sickles,1
oppression,1
chose,1
razd,1
testy,1
duteous,1
contents,1
honey,1
house,1
harmful,1
array,1
threw,1
rocks,1
nursed,1
gait,1
twice,1
endeared,1
bends,1
rosy,1
naked,1
unthrifty,1
admiring,1
warning,1
truant,1
plot,1
function,1
poisond,1
newfangled,1
estimate,1
drunk,1
poorly,1
lesser,1
length,1
beseem,1
wondering,1
charge,1
ushers,1
lark,1
distraction,1
tops,1
frownst,1
informer,1
beshrew,1
different,1
cherubins,1
cheered,1
fountains,1
perusal,1
deservd,1
denied,1
acceptable,1
trophies,1
thoughtsfrom,1
hanging,1
restful,1
provide,1
shifts,1
compounded,1
phoenix,1
dates,1
awards,1
ruining,1
jail,1
selfsame,1
blanks,1
spread,1
contain,1
shamefully,1
successive,1
robbing,1
fairing,1
creating,1
run,1
esteeming,1
remains,1
scarcely,1
pointing,1
beweep,1
paying,1
herself,1
kills,1
complain,1
forests,1
budding,1
revenues,1
party,1
forged,1
revolt,1
crying,1
rhymers,1
older,1
niggarding,1
endure,1
steepy,1
deathbed,1
convert,1
captive,1
attaint,1
slavery,1
zealous,1
widowd,1
drown,1
legions,1
news,1
eves,1
satire,1
longing,1
promise,1
wandering,1
untutord,1
secret,1
history,1
press,1
defeat,1
hard,1
prefiguring,1
habit,1
gaudy,1
harsh,1
curls,1
papers,1
suited,1
building,1
twicein,1
augurs,1
struck,1
went,1
